{"count":1,"self":124.36319999999999,"total":124.74919009999999,"children":{"InitializeActuators":{"count":1,"self":0.00099739999999999985,"total":0.00099739999999999985,"children":null},"InitializeSensors":{"count":1,"self":0.0009975,"total":0.0009975,"children":null},"AgentSendState":{"count":5955,"self":0.049849,"total":0.18131419999999998,"children":{"CollectObservations":{"count":3704,"self":0.12247029999999999,"total":0.12247029999999999,"children":null},"WriteActionMask":{"count":252,"self":0,"total":0,"children":null},"RequestDecision":{"count":252,"self":0.0089949,"total":0.0089949,"children":null}}},"DecideAction":{"count":2503,"self":0.18176309999999998,"total":0.18176309999999998,"children":null},"AgentAct":{"count":2503,"self":0.019919199999999998,"total":0.019919199999999998,"children":null}},"gauges":{},"metadata":{"timer_format_version":"0.1.0","start_time_seconds":"1637031270","unity_version":"2021.1.3f1","command_line_arguments":"C:\\Program Files\\Unity\\Hub\\Editor\\2021.1.3f1\\Editor\\Unity.exe -projectpath F:\/Projetos Jogos\/Inteligencia Artificial\/AIRace -useHub -hubIPC -cloudEnvironment production -hubSessionId 3349fdc0-465e-11ec-b8e5-4160f326840b -accessToken 3Oa0boj93IgkhKADtV5J3VMSGNUSD2QoMenXHlaAkTY004f","communication_protocol_version":"1.5.0","com.unity.ml-agents_version":"2.0.1","scene_name":"Main","end_time_seconds":"1637031395"}}